{
  "latency": {
    "avg": 102.29379035846965,
    "min": 4.95091,
    "max": 9113.767306,
    "p95": 126.93527574999993
  },
  "http_req_blocked": {
    "avg": 5.831755789958626,
    "max": 1026.733121
  },
  "http_req_connecting": {
    "avg": 5.827656806943266,
    "max": 1021.277916
  },
  "http_req_failed": {
    "rate": 0,
    "fails": 40154
  },
  "vus": 500,
  "vus_max": 500
}