{
  "http_req_duration": {
    "avg": 137.48693872001985,
    "min": 4.145026,
    "max": 361.508703,
    "p95": 229.78084024999998
  },
  "http_req_blocked": {
    "avg": 122.06584697014198,
    "max": 1065.329495
  },
  "http_req_connecting": {
    "avg": 121.98948665834558,
    "max": 1065.306719
  },
  "http_req_failed": {
    "rate": 0,
    "fails": 4086
  },
  "vus": 1000,
  "iterations": 4086,
  "duration_ms": 1316.31519
}