{
  "latency": {
    "avg": 97.19112815430066,
    "min": 24.042738,
    "max": 230.246151,
    "p95": 178.6314979
  },
  "http_req_blocked": {
    "avg": 0.6214018628135602,
    "max": 121.6271
  },
  "http_req_connecting": {
    "avg": 0.613588725443352,
    "max": 121.586602
  },
  "http_req_failed": {
    "rate": 0,
    "fails": 43532
  },
  "vus": 500,
  "vus_max": 500
}