{
  "latency": {
    "avg": 1196.331817913335,
    "min": 3.350212,
    "max": 14324.808376,
    "p95": 5412.113958999996
  },
  "http_req_blocked": {
    "avg": 246.31490059372757,
    "max": 6585.338937
  },
  "http_req_connecting": {
    "avg": 246.2681260052669,
    "max": 6585.245994
  },
  "http_req_failed": {
    "rate": 0.04117787886042614,
    "fails": 4005
  },
  "vus": 24,
  "vus_max": 500
}